fold,loss
0,0.018156297504901886
1,0.018677059561014175
