fold,loss
0,0.01791650988161564
1,0.018301459029316902
